<?xml version="1.0" encoding="UTF-8"?>
<spriteSheetImage gridHorizontalSpacing="0" gridVerticalSpacing="0">
    <subimage name="Rolling stone 1" x="0" y="0" width="96" height="96"/>
    <subimage name="Fella fr1" x="96" y="0" width="64" height="96"/>
    <subimage name="Fella fr2" x="160" y="0" width="64" height="96"/>
    <subimage name="Fella fr3" x="0" y="96" width="64" height="96"/>
    <subimage name="Fella fr4" x="64" y="96" width="64" height="96"/>
    <subimage name="Fella fr5" x="128" y="96" width="64" height="96"/>
    <subimage name="Fella fr6" x="224" y="0" width="64" height="96"/>
    <subimage name="Platform 1" x="0" y="192" width="96" height="32"/>
    <subimage name="Blue diamond" x="224" y="96" width="64" height="64"/>
    <subimage name="Crystal leaves 1" x="0" y="224" width="64" height="64"/>
    <subimage name="Crystal leaves 2" x="64" y="224" width="64" height="64"/>
    <subimage name="Flame fr1" x="128" y="224" width="64" height="64"/>
    <subimage name="Flame fr2" x="192" y="224" width="64" height="64"/>
    <subimage name="Flame fr3" x="288" y="0" width="64" height="64"/>
    <subimage name="Flame fr4" x="288" y="64" width="64" height="64"/>
    <subimage name="Green diamond" x="288" y="128" width="64" height="64"/>
    <subimage name="Red diamond" x="288" y="192" width="64" height="64"/>
    <subimage name="Shine1 fr4" x="0" y="288" width="52" height="52"/>
    <subimage name="Blue star" x="52" y="288" width="32" height="32"/>
    <subimage name="Cyan star" x="84" y="288" width="32" height="32"/>
    <subimage name="Shine1 fr3" x="116" y="288" width="32" height="32"/>
    <subimage name="Violet star" x="148" y="288" width="32" height="32"/>
    <subimage name="Shine1 fr2" x="180" y="288" width="22" height="22"/>
    <subimage name="Shine1 fr1" x="52" y="320" width="13" height="13"/>
</spriteSheetImage>
