<?xml version="1.0" encoding="UTF-8"?>
<sourceGraphicSet name="guiA">
    <images>
        <spriteSheetImage file="media/graphics/guiA.png"/>
        <singleImage file="media/graphics/bg_gradient.png"/>
        <singleImage file="media/graphics/info.png"/>
    </images>
    <sprites>
        <sprite name="buttonA">
            <image name="buttonA1" file="media/graphics/guiA.png" marker="1"/>
            <image name="buttonA2" file="media/graphics/guiA.png"/>
            <image name="buttonA3" file="media/graphics/guiA.png"/>
        </sprite>
        <sprite name="logo" imageName="logo" imageFile="media/graphics/guiA.png"/>
        <sprite name="bg_gradient" imageName="bg_gradient" imageFile="media/graphics/bg_gradient.png"/>
        <sprite name="info" imageName="info" imageFile="media/graphics/info.png"/>
    </sprites>
</sourceGraphicSet>
