<?xml version="1.0" encoding="UTF-8"?>
<composedSprite name="comSPrite3" set="SpritesA" xHandle="0" yHandle="0">
    <parameter name="testParam" value="no" type="values set" valuesSet="no,maybe,yesd"/>
    <layer name="Layer 1">
        <sprite name="Fella" x="61" y="31" scale="1.3" rotation="-40" xFlip="true">
            <parameter name="yGridSnap" value="31" type="int"/>
            <parameter name="startDir" value="right" type="values set" valuesSet="right,left"/>
            <parameter name="entity" value="none" type="string"/>
            <parameter name="respawn" value="0" type="bool"/>
        </sprite>
        <sprite name="Rolling stone 1" x="125" y="64">
            <parameter name="yGridSnap" value="0" type="int"/>
            <parameter name="startDir" value="right" type="values set" valuesSet="right,left"/>
            <parameter name="entity" value="none" type="string"/>
        </sprite>
        <sprite name="Rolling stone 1" x="74" y="128" scale="0.8">
            <parameter name="yGridSnap" value="0" type="int"/>
            <parameter name="startDir" value="right" type="values set" valuesSet="right,left"/>
            <parameter name="entity" value="none" type="string"/>
        </sprite>
    </layer>
</composedSprite>
