<?xml version="1.0" encoding="UTF-8"?>
<composedSprite name="compSprite2" set="SpritesA" xHandle="209" yHandle="179">
    <layer name="Layer 1">
        <sprite name="Rolling stone 1" x="18" y="0">
            <parameter name="yGridSnap" value="0" type="int"/>
            <parameter name="startDir" value="right" type="values set" valuesSet="right,left"/>
            <parameter name="entity" value="none" type="string"/>
        </sprite>
    </layer>
    <layer name="Layer 2">
        <sprite name="Flame" x="24" y="80">
            <parameter name="entity" value="simpleAnimatedObject" type="string"/>
        </sprite>
        <sprite name="comSPrite3" x="161" y="94" scale="0.8" rotation="30" yFlip="true">
            <parameter name="testParam" value="no" type="values set" valuesSet="no,maybe,yesd"/>
        </sprite>
        <sprite name="Crystal leaves 1" x="108" y="151"/>
    </layer>
</composedSprite>
