<?xml version="1.0" encoding="UTF-8"?>
<composedSprite name="csRedDiamond" set="SpritesA" xHandle="32" yHandle="37">
    <layer name="Layer 1">
        <sprite name="Red diamond" x="32" y="32">
            <parameter name="yGridSnap" value="32" type="int"/>
        </sprite>
    </layer>
    <layer name="Layer 2">
        <sprite name="Shine" x="40" y="18">
            <parameter name="entity" value="simpleAnimatedObject" type="string"/>
        </sprite>
    </layer>
</composedSprite>
