<?xml version="1.0" encoding="UTF-8"?>
<sourceGraphicSet name="SpritesA">
    <images>
        <spriteSheetImage file="media/graphics/spritesA.png"/>
        <spriterObject file="media/graphics/GreyGuy/player.scml">
            <entity name="Player" scale="0.4"/>
        </spriterObject>
        <spineObject file="media/graphics/SpineTesting/spineboy-ess.json" atlasFile="media/graphics/SpineTesting/spineboy.atlas">
            <skin name="default" scale="0.2"/>
        </spineObject>
    </images>
    <sprites>
        <sprite name="Red diamond" imageName="Red diamond" imageFile="media/graphics/spritesA.png">
            <parameter name="yGridSnap" value="32" type="int"/>
        </sprite>
        <sprite name="Blue diamond" imageName="Blue diamond" imageFile="media/graphics/spritesA.png">
            <parameter name="yGridSnap" value="32" type="int"/>
        </sprite>
        <sprite name="Green diamond" imageName="Green diamond" imageFile="media/graphics/spritesA.png">
            <parameter name="yGridSnap" value="32" type="int"/>
        </sprite>
        <sprite name="Blue star" imageName="Blue star" imageFile="media/graphics/spritesA.png"/>
        <sprite name="Violet star" imageName="Violet star" imageFile="media/graphics/spritesA.png">
            <parameter name="Name" value="B77788" type="string"/>
        </sprite>
        <sprite name="Cyan star" imageName="Cyan star" imageFile="media/graphics/spritesA.png"/>
        <sprite name="Platform 1" imageName="Platform 1" imageFile="media/graphics/spritesA.png">
            <parameter name="yGridSnap" value="42" type="int"/>
            <parameter name="xGridSnap" value="0" type="int"/>
            <parameter name="pathId" value="2" type="int"/>
            <parameter name="entity" value="none" type="string"/>
            <parameter name="noExport" value="0" type="bool"/>
            <constantParameter name="xHandle" value="48" type="int"/>
            <constantParameter name="yHandle" value="16" type="int"/>
        </sprite>
        <sprite name="Crystal leaves 1" imageName="Crystal leaves 1" imageFile="media/graphics/spritesA.png"/>
        <sprite name="Crystal leaves 2" imageName="Crystal leaves 2" imageFile="media/graphics/spritesA.png"/>
        <sprite name="Rolling stone 1" imageName="Rolling stone 1" imageFile="media/graphics/spritesA.png">
            <parameter name="yGridSnap" value="0" type="int"/>
            <parameter name="startDir" value="right" type="values set" valuesSet="right,left"/>
            <parameter name="entity" value="none" type="string"/>
            <constantParameter name="xHandle" value="48" type="int"/>
            <constantParameter name="yHandle" value="48" type="int"/>
            <propertyAnimation name="test" loopCount="forever">
                <keyAnimation property="Position">
                    <key time="0" easing="Linear" value1="0" value2="0"/>
                    <key time="1580" easing="Linear" value1="6" value2="8"/>
                    <key time="3000" easing="Linear" value1="0" value2="0"/>
                </keyAnimation>
                <keyAnimation property="Rotation">
                    <key time="0" easing="Linear" value1="0"/>
                    <key time="1580" easing="Linear" value1="180"/>
                    <key time="3000" easing="Linear" value1="0"/>
                </keyAnimation>
                <keyAnimation property="Color" colorBlend="Normal">
                    <key time="0" easing="Linear" value1="1" value2="1" value3="1" value4="0.5"/>
                    <key time="1580" easing="Linear" value1="1" value2="0.0823529" value3="0.0823529" value4="0.5"/>
                    <key time="3000" easing="Linear" value1="1" value2="1" value3="1" value4="0.5"/>
                </keyAnimation>
            </propertyAnimation>
        </sprite>
        <sprite name="Flame">
            <image name="Flame fr1" file="media/graphics/spritesA.png"/>
            <image name="Flame fr2" file="media/graphics/spritesA.png"/>
            <image name="Flame fr3" file="media/graphics/spritesA.png"/>
            <image name="Flame fr4" file="media/graphics/spritesA.png" marker="1"/>
            <parameter name="entity" value="simpleAnimatedObject" type="string"/>
            <frameAnimation name="FlameAni" loopCount="forever">
                <frame image="Flame fr1" duration="100"/>
                <frame image="Flame fr2" duration="100"/>
                <frame image="Flame fr3" duration="100"/>
                <frame image="Flame fr4" duration="100"/>
                <frame image="Flame fr3" duration="100" xFlip="1"/>
            </frameAnimation>
        </sprite>
        <sprite name="Fella">
            <image name="Fella fr1" file="media/graphics/spritesA.png" marker="1"/>
            <image name="Fella fr2" file="media/graphics/spritesA.png"/>
            <image name="Fella fr3" file="media/graphics/spritesA.png"/>
            <image name="Fella fr4" file="media/graphics/spritesA.png"/>
            <image name="Fella fr5" file="media/graphics/spritesA.png"/>
            <image name="Fella fr6" file="media/graphics/spritesA.png"/>
            <parameter name="yGridSnap" value="31" type="int"/>
            <parameter name="startDir" value="right" type="values set" valuesSet="right,left"/>
            <parameter name="entity" value="none" type="string"/>
            <constantParameter name="yHandle" value="83" type="int"/>
            <constantParameter name="xHandle" value="32" type="int"/>
            <frameAnimation name="Walk Left" loopCount="forever" dataFlags="10" horMirror="Walk Right">
                <frame image="Fella fr2" duration="150" dataFlags="36"/>
                <frame image="Fella fr3" duration="130"/>
                <frame image="Fella fr4" duration="100"/>
                <frame image="Fella fr5" duration="100"/>
                <frame image="Fella fr6" duration="150"/>
                <frame image="Fella fr5" duration="130"/>
                <frame image="Fella fr4" duration="100"/>
                <frame image="Fella fr3" duration="90"/>
                <parameter name="AniParameter" value="aniSLOW" type="values set" valuesSet="aniSLOW,aniMEDIUM,aniFAST"/>
            </frameAnimation>
            <frameAnimation name="Walk Right" loopCount="forever" dataFlags="10" horMirror="Walk Left">
                <frame image="Fella fr2" duration="150" xFlip="1" dataFlags="36"/>
                <frame image="Fella fr3" duration="130" xFlip="1"/>
                <frame image="Fella fr4" duration="100" xFlip="1"/>
                <frame image="Fella fr5" duration="100" xFlip="1"/>
                <frame image="Fella fr6" duration="150" xFlip="1"/>
                <frame image="Fella fr5" duration="130" xFlip="1"/>
                <frame image="Fella fr4" duration="100" xFlip="1"/>
                <frame image="Fella fr3" duration="90" xFlip="1"/>
                <parameter name="AniParameter" value="aniSLOW" type="values set" valuesSet="aniSLOW,aniMEDIUM,aniFAST"/>
            </frameAnimation>
            <frameAnimation name="Stand Left" loopCount="0" horMirror="Stand Right">
                <frame image="Fella fr1" duration="100"/>
            </frameAnimation>
            <frameAnimation name="Stand Right" loopCount="0" horMirror="Stand Left">
                <frame image="Fella fr1" duration="100" xFlip="1"/>
            </frameAnimation>
        </sprite>
        <sprite name="Shine">
            <image name="Shine1 fr4" file="media/graphics/spritesA.png" marker="1"/>
            <image name="Shine1 fr3" file="media/graphics/spritesA.png"/>
            <image name="Shine1 fr2" file="media/graphics/spritesA.png"/>
            <image name="Shine1 fr1" file="media/graphics/spritesA.png"/>
            <parameter name="entity" value="simpleAnimatedObject" type="string"/>
            <frameAnimation name="ShineAnimation" loopCount="1" repeatStartTime="500" repeatEndTime="4000" startAtRepeatTime="1">
                <frame image="emptyFrameDummy" duration="100"/>
                <frame image="Shine1 fr1" duration="100"/>
                <frame image="Shine1 fr2" duration="100"/>
                <frame image="Shine1 fr3" duration="100"/>
                <frame image="Shine1 fr4" duration="100"/>
                <frame image="Shine1 fr3" duration="100"/>
                <frame image="Shine1 fr2" duration="100"/>
                <frame image="Shine1 fr1" duration="100"/>
                <frame image="emptyFrameDummy" duration="100"/>
            </frameAnimation>
        </sprite>
        <sprite name="playerTest,Player" imageName="Player" imageFile="media/graphics/GreyGuy/player.scml"/>
        <sprite name="spineboy-ess,default" imageName="default" imageFile="media/graphics/SpineTesting/spineboy-ess.json"/>
    </sprites>
</sourceGraphicSet>
