<?xml version="1.0" encoding="UTF-8"?>
<sourceGraphicSet name="TilesA">
    <images>
        <tileSheetImage file="media/graphics/tilesA.png"/>
    </images>
    <sprites>
        <sprite name="tilesA,0" imageName="0" imageFile="media/graphics/tilesA.png"/>
        <sprite name="tilesA,1" imageName="1" imageFile="media/graphics/tilesA.png"/>
        <sprite name="tilesA,2" imageName="2" imageFile="media/graphics/tilesA.png"/>
        <sprite name="tilesA,3" imageName="3" imageFile="media/graphics/tilesA.png"/>
        <sprite name="tilesA,4" imageName="4" imageFile="media/graphics/tilesA.png"/>
        <sprite name="tilesA,5" imageName="5" imageFile="media/graphics/tilesA.png"/>
        <sprite name="tilesA,6" imageName="6" imageFile="media/graphics/tilesA.png"/>
        <sprite name="tilesA,7" imageName="7" imageFile="media/graphics/tilesA.png"/>
        <sprite name="tilesA,8" imageName="8" imageFile="media/graphics/tilesA.png"/>
        <sprite name="tilesA,9" imageName="9" imageFile="media/graphics/tilesA.png"/>
        <sprite name="tilesA,10" imageName="10" imageFile="media/graphics/tilesA.png"/>
        <sprite name="tilesA,11" imageName="11" imageFile="media/graphics/tilesA.png"/>
        <sprite name="tilesA,12" imageName="12" imageFile="media/graphics/tilesA.png"/>
        <sprite name="tilesA,13" imageName="13" imageFile="media/graphics/tilesA.png">
            <propertyAnimation name="Ani 1" loopCount="forever">
                <keyAnimation property="Position">
                    <key time="0" easing="Linear" value1="0" value2="0"/>
                    <key time="1500" easing="Linear" value1="-100" value2="-50"/>
                    <key time="3000" easing="Linear" value1="0" value2="0"/>
                </keyAnimation>
                <keyAnimation property="Scale">
                    <key time="0" easing="Linear" value1="1" value2="1" uniform="1"/>
                    <key time="2400" easing="Linear" value1="1.8" value2="1.8" uniform="1"/>
                    <key time="3000" easing="Linear" value1="1" value2="1" uniform="1"/>
                </keyAnimation>
                <keyAnimation property="Rotation">
                    <key time="0" easing="Linear" value1="0"/>
                    <key time="3000" easing="Linear" value1="360"/>
                </keyAnimation>
                <keyAnimation property="Alpha">
                    <key time="645" easing="Linear" value1="1"/>
                    <key time="1470" easing="Linear" value1="0"/>
                    <key time="2190" easing="Linear" value1="1"/>
                </keyAnimation>
            </propertyAnimation>
        </sprite>
        <sprite name="tilesA,14" imageName="14" imageFile="media/graphics/tilesA.png"/>
        <sprite name="tilesA,15" imageName="15" imageFile="media/graphics/tilesA.png"/>
        <sprite name="tilesA,16" imageName="16" imageFile="media/graphics/tilesA.png"/>
        <sprite name="tilesA,17" imageName="17" imageFile="media/graphics/tilesA.png"/>
        <sprite name="tilesA,18" imageName="18" imageFile="media/graphics/tilesA.png"/>
        <sprite name="tilesA,19" imageName="19" imageFile="media/graphics/tilesA.png"/>
        <sprite name="tilesA,20" imageName="20" imageFile="media/graphics/tilesA.png"/>
        <sprite name="tilesA,21" imageName="21" imageFile="media/graphics/tilesA.png"/>
        <sprite name="tilesA,22" imageName="22" imageFile="media/graphics/tilesA.png"/>
        <sprite name="tilesA,23" imageName="23" imageFile="media/graphics/tilesA.png"/>
        <sprite name="tilesA,24" imageName="24" imageFile="media/graphics/tilesA.png"/>
        <sprite name="tilesA,25" imageName="25" imageFile="media/graphics/tilesA.png"/>
        <sprite name="tilesA,26" imageName="26" imageFile="media/graphics/tilesA.png"/>
        <sprite name="tilesA,27" imageName="27" imageFile="media/graphics/tilesA.png"/>
        <sprite name="tilesA,28" imageName="28" imageFile="media/graphics/tilesA.png"/>
        <sprite name="tilesA,29" imageName="29" imageFile="media/graphics/tilesA.png"/>
        <sprite name="tilesA,30" imageName="30" imageFile="media/graphics/tilesA.png"/>
        <sprite name="tilesA,31" imageName="31" imageFile="media/graphics/tilesA.png"/>
        <sprite name="tilesA,32" imageName="32" imageFile="media/graphics/tilesA.png"/>
        <sprite name="tilesA,33" imageName="33" imageFile="media/graphics/tilesA.png"/>
        <sprite name="tilesA,34" imageName="34" imageFile="media/graphics/tilesA.png"/>
        <sprite name="tilesA,35" imageName="35" imageFile="media/graphics/tilesA.png"/>
        <sprite name="tilesA,36" imageName="36" imageFile="media/graphics/tilesA.png"/>
        <sprite name="tilesA,37" imageName="37" imageFile="media/graphics/tilesA.png"/>
        <sprite name="tilesA,38" imageName="38" imageFile="media/graphics/tilesA.png"/>
        <sprite name="tilesA,39" imageName="39" imageFile="media/graphics/tilesA.png"/>
        <sprite name="tilesA,40" imageName="40" imageFile="media/graphics/tilesA.png"/>
        <sprite name="tilesA,41" imageName="41" imageFile="media/graphics/tilesA.png"/>
        <sprite name="tilesA,42" imageName="42" imageFile="media/graphics/tilesA.png"/>
        <sprite name="tilesA,43" imageName="43" imageFile="media/graphics/tilesA.png"/>
        <sprite name="tilesA,44" imageName="44" imageFile="media/graphics/tilesA.png"/>
        <sprite name="tilesA,45" imageName="45" imageFile="media/graphics/tilesA.png"/>
        <sprite name="tilesA,46" imageName="46" imageFile="media/graphics/tilesA.png"/>
        <sprite name="tilesA,47" imageName="47" imageFile="media/graphics/tilesA.png"/>
        <sprite name="tilesA,48" imageName="48" imageFile="media/graphics/tilesA.png"/>
        <sprite name="tilesA,49" imageName="49" imageFile="media/graphics/tilesA.png"/>
        <sprite name="tilesA,50" imageName="50" imageFile="media/graphics/tilesA.png"/>
        <sprite name="tilesA,51" imageName="51" imageFile="media/graphics/tilesA.png"/>
        <sprite name="tilesA,52" imageName="52" imageFile="media/graphics/tilesA.png"/>
        <sprite name="tilesA,53" imageName="53" imageFile="media/graphics/tilesA.png"/>
        <sprite name="tilesA,54" imageName="54" imageFile="media/graphics/tilesA.png"/>
        <sprite name="tilesA,55" imageName="55" imageFile="media/graphics/tilesA.png"/>
        <sprite name="tilesA,56" imageName="56" imageFile="media/graphics/tilesA.png"/>
        <sprite name="tilesA,57" imageName="57" imageFile="media/graphics/tilesA.png"/>
        <sprite name="tilesA,58" imageName="58" imageFile="media/graphics/tilesA.png"/>
        <sprite name="tilesA,59" imageName="59" imageFile="media/graphics/tilesA.png"/>
        <sprite name="tilesA,60" imageName="60" imageFile="media/graphics/tilesA.png"/>
        <sprite name="tilesA,61" imageName="61" imageFile="media/graphics/tilesA.png"/>
        <sprite name="tilesA,62" imageName="62" imageFile="media/graphics/tilesA.png"/>
        <sprite name="tilesA,63" imageName="63" imageFile="media/graphics/tilesA.png"/>
        <sprite name="tilesA,64" imageName="64" imageFile="media/graphics/tilesA.png"/>
        <sprite name="tilesA,65" imageName="65" imageFile="media/graphics/tilesA.png"/>
        <sprite name="tilesA,66" imageName="66" imageFile="media/graphics/tilesA.png"/>
        <sprite name="tilesA,67" imageName="67" imageFile="media/graphics/tilesA.png"/>
        <sprite name="tilesA,68" imageName="68" imageFile="media/graphics/tilesA.png"/>
        <sprite name="tilesA,69" imageName="69" imageFile="media/graphics/tilesA.png"/>
        <sprite name="tilesA,70" imageName="70" imageFile="media/graphics/tilesA.png"/>
        <sprite name="tilesA,71" imageName="71" imageFile="media/graphics/tilesA.png"/>
        <sprite name="tilesA,72" imageName="72" imageFile="media/graphics/tilesA.png"/>
        <sprite name="tilesA,73" imageName="73" imageFile="media/graphics/tilesA.png"/>
        <sprite name="tilesA,74" imageName="74" imageFile="media/graphics/tilesA.png"/>
        <sprite name="tilesA,75" imageName="75" imageFile="media/graphics/tilesA.png"/>
        <sprite name="tilesA,76" imageName="76" imageFile="media/graphics/tilesA.png"/>
        <sprite name="tilesA,77" imageName="77" imageFile="media/graphics/tilesA.png"/>
        <sprite name="tilesA,78" imageName="78" imageFile="media/graphics/tilesA.png"/>
        <sprite name="tilesA,79" imageName="79" imageFile="media/graphics/tilesA.png"/>
    </sprites>
</sourceGraphicSet>
